,Flagged Domain
0,easy-erc-answers-now.accountants
1,featureset.app
2,okxsecuredtransfer.app
3,securemailguard.app
4,securevirtualmeeting.app
5,updatefiles.app
6,lnt-notifications.autos
7,accessory.best
8,theaccountinghandmaid.biz
9,detailed-information.boats
10,server-information.boats
11,technical-information.boats
12,password-manager-14216.bond
13,password-manager-19820.bond
14,password-manager-26308.bond
15,password-manager-28590.bond
16,password-manager-49597.bond
17,password-manager-70966.bond
18,password-manager-71136.bond
19,password-manager-79299.bond
20,password-manager-93377.bond
21,savings-accounts-77025.bond
22,savings-accounts-79870.bond
23,secured-loans-tw.bond
24,updatemyprofilzsnowus.buzz
25,account-0753.buzz
26,exoduswalletaccess.buzz
27,surokkha-gov-bd-verify-onlinee.buzz
28,login4me.ch
29,metanoiaaccounting.ch
30,update-netflix.ch
31,access-ato-services.click
32,experiencedrysupportslinkflippant.click
33,loginytueuew.click
34,supportthrill11392.click
35,miamiaccess.cloud
36,app-account-870.cloud
37,app-account-880.cloud
38,map-lsupport.cloud
39,map-support.cloud
40,inrecovery.club
41,australianaccounting.com
42,barnetaccountants.com
43,apparelsupport.com
44,tourettesyndromesupport.com
45,cybercafeprosupport.com
46,charlottealerts.com
47,worldwidesecureshipping.com
48,hightechinformation.com
49,login-gmail.com
50,opulencerecovery.com
51,secureshirt.com
52,hadderaccounting.com
53,securelinkweb.com
54,lasvegasalerts.com
55,accesspop.com
56,debtrepaymentplanner.com
57,ebizsecurehosting.com
58,infosecalert.com
59,accessyourbliss.com
60,universalupdate.com
61,paymentlend.com
62,localalertsystem.com
63,americasurgentcares.com
64,artforrecovery.com
65,okinformation.com
66,4secureorders.com
67,recoveryalongroute66.com
68,wordfilerecovery.com
69,humantechsupport.com
70,smarttsupport.com
71,access-scs-consulting.com
72,onstarfmvsupport.com
73,masterinformationtechnologies.com
74,badcreditsupport.com
75,datarecovery247.com
76,infiniteaccessories.com
77,nablogin.com
78,okcalerts.com
79,pure-accessories.com
80,gigalertz.com
81,privacybreachlawyers.com
82,ringvoicealert.com
83,travel-confirmation.com
84,dfssupport.com
85,coolpasswords.com
86,sheppardaccountancy.com
87,box-secure.com
88,noreply-support.com
89,spoileralertbook.com
90,clickfunnelsupport.com
91,dallasrecoverycoaching.com
92,accountinuity.com
93,accessoriesmerch.com
94,mcdonaldswifilogin.com
95,accountingless.com
96,moto-accessoires.com
97,diamondtreerecovery.com
98,updatescrypto.com
99,blueoceanaccounting.com
100,hdfcsupport.com
101,roku-account-login.com
102,accounting-team.com
103,nanfa-accessory.com
104,accessorgenie.com
105,masterspresets.com
106,dressupdate.com
107,flavoralerts.com
108,reactivation-account.com
109,globalnewsalerts.com
110,urgentessaysonline.com
111,secure-trades.com
112,epfitnessandrecovery.com
113,aoyingaccountants.com
114,securethebagpodcast.com
115,pkgsecure.com
116,pcsecurityupdate.com
117,downloadepsonresetter.com
118,accountsandmore.com
119,alertbuildingcontractadvice.com
120,kindasecure.com
121,royalbank-update.com
122,validation-leboncoin.com
123,scotia-online-support.com
124,thenetaccess.com
125,bestbathroomaccessories.com
126,access-investment.com
127,ecoroveraccess.com
128,tyrrellsaccountants.com
129,urgesupport.com
130,blogintamil.com
131,arizonafiresupport.com
132,bbgaccessories.com
133,kingsrecoverycork.com
134,ossaccounting.com
135,supportmyeyesight.com
136,safesecurellc.com
137,login-northlane.com
138,securednetflix.com
139,netbanksecure-au.com
140,theopensupportcommunity.com
141,securehuntington.com
142,happydogaccessory.com
143,activeurecovery.com
144,freeaccessibilitytest.com
145,boacustomersupport.com
146,blog-login.com
147,boiupdate.com
148,hopedream-support.com
149,accessoryzplus.com
150,awbsrecovery.com
151,trudettaccounting.com
152,ver1floginmembership.com
153,verify-activity-support.com
154,supportblockchair.com
155,autonomousaccounts.com
156,accounts-paxful.com
157,chase-secured1.com
158,fnafsecuritybreach-game.com
159,cvrpresets.com
160,secureandscalable.com
161,accessoriesdream.com
162,isupportreagan.com
163,paypaasecureeaccoucmzxfzxcb.com
164,citiwebilogin.com
165,verify-rbfcu-account.com
166,notificationsde51protectiondutlphon.com
167,passworddigital.com
168,wedoitsupport.com
169,newsalertng.com
170,chseportalonlinealert.com
171,help-control-access.com
172,loginoktakiwi.com
173,propane-accessories.com
174,accesscardcc.com
175,accountauthorize-wansviewcloud.com
176,amberalertgoredb.com
177,caninotallowcardlesscashonmywestpacaccount.com
178,citirelogin.com
179,consjmercardaccess.com
180,content22accountonline.com
181,customersupport1234.com
182,cynthiaaccessories.com
183,dreamphoneaccessires.com
184,fone-accessories.com
185,greenpayment112.com
186,howdoiaccessmysignaturecardonthemarcos.com
187,howdownloadappwithverifysuper.com
188,howtoaccesscameraparenrcontrol.com
189,itchatsupportteleperformanceusa.com
190,jsaaccountancy.com
191,mtblogin1.com
192,myprimetimeupdater.com
193,myrevoleaccount.com
194,securespackages.com
195,support-boatlifestyle.com
196,supportavakin.com
197,supportiboiptv.com
198,supportlmh.com
199,lily-alert.com
200,lust-alert.com
201,urgent-alibi.com
202,wallets-support.com
203,bendigo-onlinesupport.com
204,revolutaccess.com
205,wellsfargo-account-update.com
206,wellsfargo-secure1c.com
207,wellsfargo-secure3c.com
208,investorsecured.com
209,accessbailbonds919.com
210,secureretirementmail.com
211,plansecurelynow.com
212,federalsecureretirement.com
213,freedompaymentstack.com
214,securewealthmail.com
215,supportaddresschange.com
216,208proreset.com
217,3lifes2support.com
218,6degreessupport.com
219,90queeneastconstructionupdates.com
220,90queenstreeteastupdates.com
221,a2abankpayments.com
222,accesscapitalsavings.com
223,accesscontrolplus.com
224,accessgranted2024.com
225,accesshealthcareproviders.com
226,accessibilityfeedback-amtrak.com
227,accessingthecourtsofheaven.com
228,accessmyproperty.com
229,accessoguy.com
230,accessoriesforhomeng.com
231,accessoripercucinait.com
232,accessourproperty.com
233,accesswark.com
234,account-help-coinbase.com
235,accountabilitybusinesspartner.com
236,accountatron-sys.com
237,accounting-ito.com
238,accountingbudz.com
239,accountlimitusage.com
240,actsubscriptionsupdates.com
241,advancecareandsupportservicesllc.com
242,airborneimmunesupport.com
243,alertacafe.com
244,alertawaresafe.com
245,alertballs.com
246,alertemail-support.com
247,alertemailnotification-support.com
248,alertyourteam.com
249,alsafapayments.com
250,americaurgentcares.com
251,angelabellaccounting.com
252,antai-secure-paiement.com
253,armyadverseinformationprogramlawyer.com
254,armyadverseinformationprogramlawyers.com
255,ashvilleaccountant.com
256,ataslogin.com
257,athenahealthsecurepay.com
258,auth3dinttsecuree.com
259,automatedemail-support.com
260,automatedemailsupportmeta.com
261,ba1secure1b.com
262,babatsupatupdate.com
263,backstancesupport.com
264,bendigo-accessenable1.com
265,bendigobank-securelogin.com
266,bendigobankpayments.com
267,beritakuupdate.com
268,besturgentpolls.com
269,bigdogrecoveryspecialists.com
270,bigheartaccounting.com
271,bill-idsupport.com
272,blockchainsupport-info.com
273,bmwaccountingservicesllc.com
274,bostonalerts.com
275,btfaccounting.com
276,businessaccountquality.com
277,camelotpaymentgroup.com
278,camelotpaymentllc.com
279,camelotpaymentnew.com
280,camelotpaymentorg.com
281,camelotpaymentpro.com
282,camelotpaymentsinc.com
283,camelotpaymentsllc.com
284,camelotpaymentsnew.com
285,camelotpaymentsorg.com
286,camelotpaymentspro.com
287,cancelupdate.com
288,capitalrecoveryservicesgroupllc.com
289,caraccessmart.com
290,carrararecovery.com
291,cataccessoriessales.com
292,ccloginnnv.com
293,cellhealthreset.com
294,cellresetsystem.com
295,cfs-secure-sydney.com
296,chase-autoverify.com
297,chatgptlogin-br.com
298,chirotechsupport.com
299,choicedigitalsupport.com
300,chsealertportal.com
301,ci-resettinghelponline.com
302,cjiscybersecure.com
303,ckcaccountants.com
304,clarkaddisonaccounting.com
305,clasqaccessory.com
306,clickbet88update.com
307,cloverdaleaccountingsvc.com
308,columbusalerts.com
309,com-net-secure.com
310,contactvisalerts.com
311,controltowerreset.com
312,cwautoaccessories.com
313,cybersecurezone1.com
314,dahqrecovery.com
315,datasupportworks.com
316,denveralerts.com
317,desmoinesbirthsupport.com
318,dgmcapaccessories.com
319,dhlmailsupport.com
320,dollcollectionrecovery.com
321,domainclickbet88update.com
322,dotsupports.com
323,drobpoxnotifications.com
324,duongaccountingservices.com
325,elevate-accountancy.com
326,emailsupportalert.com
327,energysupport-uk.com
328,enterpriseinformationtool.com
329,equityrecoverycenter.com
330,ercrecovery-group.com
331,es-sabadell-alertas.com
332,esteiradigitallogin.com
333,esupportgone.com
334,ethicalertcguidance.com
335,excelinkphsupport.com
336,federalcustomersupport.com
337,financialrecoveryventures.com
338,financingfundboxlogin.com
339,findvisalerts.com
340,firstcareukandsupportservices.com
341,flavouralerts.com
342,fortworthalerts.com
343,gayleresetar.com
344,gcsbusinesssupportpartner.com
345,gemaccesssoriesus.com
346,getgigalert.com
347,getmagicallyverify.com
348,getvisalerts.com
349,globalnasrecovery.com
350,globalraidrecovery.com
351,globetrotteraccess.com
352,goldingrecovery.com
353,govisalerts.com
354,hackupdater.com
355,heartlandtaxaccounting.com
356,heartlandtaxandaccounting.com
357,hellovisalerts.com
358,hercrownaccessories.com
359,hmansionrecovery.com
360,homeandaccessorie.com
361,ibanksecure-au.com
362,iiflaccount.com
363,iiflaccountopening.com
364,iifldemataccount.com
365,iifltradingaccount.com
366,indianapolisalerts.com
367,information-terrace.com
368,infraccount.com
369,innersparksupport.com
370,insurancedealalert.com
371,insurancedealupdate.com
372,insuranceweatheralerts.com
373,investmentdojosupport.com
374,it-hojyo-support.com
375,jetsetrecovery.com
376,jordilustozaaccounting.com
377,keepingscoreaccounting.com
378,kfmsupport.com
379,kitaslot777login.com
380,koolsupporters-group.com
381,kosmosupport.com
382,kupayes-support.com
383,laptopaccessoriessales.com
384,lbmpiaccess.com
385,lbpimaccess.com
386,lcmaccount.com
387,learningsupportfacilitator.com
388,leastprivilegeaccess.com
389,llamasecure.com
390,localalertservice.com
391,localalertssystem.com
392,loginbradescoprime.com
393,loginfulfill.com
394,logingoal55.com
395,loginosoftonline.com
396,loginxcasino.com
397,lostloverecovery.com
398,louisvillealerts.com
399,macstore-recovery.com
400,mahacareeralerts.com
401,maosupport.com
402,maps-sigin-login.com
403,mascosupport.com
404,massiveurgentaction.com
405,mensaffairrecovery.com
406,meridian-secure.com
407,messupportforum.com
408,messupportforums.com
409,meta-mask-support.com
410,meta-support-12sk6xj81.com
411,microsoftonlineverify.com
412,midtennrecovery.com
413,mindsetheartsetreset.com
414,mlandbankaccess.com
415,mobileaccessoriesplusllc.com
416,mobilelbpiaccessph.com
417,mon-updatelife.com
418,mostbet-login-india.com
419,myaccessvipplus.com
420,mydeliverymailnoticeupdates.com
421,myfunctionalreset.com
422,mykajabisupport.com
423,mypurehealthclientsupport.com
424,myr2support.com
425,mywisesupport.com
426,narragansettalerts.com
427,nationalpaymentsolution.com
428,nebraskaurgentcarenow.com
429,nebraskavirtualurgentcare.com
430,netfiix-support-gr.com
431,nettlixsecure.com
432,neueupdates.com
433,newvisioninformationtechnology.com
434,nftverify-whop.com
435,notificationemail-support.com
436,notificationjpgma.com
437,nrapayments.com
438,nudeaccessory.com
439,nyguestaccount.com
440,ober-login.com
441,oetsupportrachelpratley.com
442,office-kubo-support.com
443,officialxaccount.com
444,ohiopaymentsystems.com
445,okeupdate.com
446,omahasurgentcares.com
447,omahaurgentcareclinic.com
448,omahavirtualurgentcare.com
449,onixsupport.com
450,onlyreset.com
451,operacionesurgentes.com
452,parcels-paymentfees.com
453,partnerinrecovery.com
454,pawsomepetsaccessories.com
455,paybybankpayments.com
456,paymentduesinc.com
457,payments-es.com
458,payments-oae.com
459,paymentsbybank.com
460,paymentsiportal.com
461,pcsecurityupdates.com
462,peacevibesaccessories.com
463,petsarewonderfulsupport.com
464,philadelphiaalerts.com
465,portlandalerts.com
466,positivesupportgroup.com
467,postesupport.com
468,projectupdate204.com
469,projectupdate209.com
470,protech-accesseries.com
471,quatresetoiles.com
472,quicksnapwirelessaccessories.com
473,ramdonnoreplyaccountingoff365.com
474,ramp-account.com
475,rapidresetmoney.com
476,rdverify.com
477,recoverybets.com
478,recoverycoachdallas.com
479,recoverycoachdfw.com
480,recoverycoachdillon.com
481,recoverycoachingdallas.com
482,redthreadsecure.com
483,remissionrecovery.com
484,reoequityrecovery.com
485,reset-signin-coinbase.com
486,resetbyfasting.com
487,riversideaccountingsolutions.com
488,rogersbank-login.com
489,rogersbank-onelogin.com
490,roket188login.com
491,roket77login.com
492,roket88login.com
493,rowsecure.com
494,royalbank-login.com
495,rvandboataccessories.com
496,safesecurestoragellc.com
497,salesaccessorisposa.com
498,salescookwaresets.com
499,sanjosealerts.com
500,sassrecovery.com
501,savonpayments.com
502,sbobet138login.com
503,scotian-onlines-resets.com
504,sdlalert.com
505,secure-lake.com
506,secure-wireless-ca.com
507,secure02bnk.com
508,secure082ea-verify.com
509,secureauthnettlix.com
510,secureconnecthub.com
511,secureconverse.com
512,secured-tdbank.com
513,securedpay-netflix.com
514,securedwithsytsems.com
515,securehost001.com
516,secureinfomarket.com
517,securelaker.com
518,securelakes.com
519,securelinkbio.com
520,securenetworkinsights.com
521,securescrewpiles.com
522,securesendfiles.com
523,secureshirtfr.com
524,securetccare.com
525,secureyourvote2024.com
526,security-alert-suncorporate.com
527,sennaccounting.com
528,seriousaccountingservices.com
529,shiptrackingconfirmation.com
530,simpkblogin.com
531,simpleaccountportal.com
532,sintronic-access-control.com
533,sixdegreessupport.com
534,slsecureproperties.com
535,smsa-support.com
536,sofasupportboard.com
537,southkingstownalerts.com
538,sped-support.com
539,sperrunginformationkonto.com
540,sportsaccessories-sale.com
541,spreset.com
542,stccpayment.com
543,stealthaccountservices.com
544,stg-secured-finance.com
545,storehairaccessories.com
546,storelatheaccessories.com
547,studioburgentia.com
548,superconductorupdates.com
549,supersecuredmail.com
550,support-asb.com
551,support-phone-uy.com
552,supportdhl-jp.com
553,supportduties.com
554,supportive-concepts.com
555,supportlinefze.com
556,supportmyschwan.com
557,supportodiclasse.com
558,supportsoundtosee.com
559,supportsua.com
560,supportvoguehairstudio.com
561,supportwpfw.com
562,survivalsupporter.com
563,symptomreset.com
564,tconnect-login.com
565,tconnect-onelogin.com
566,tdgtaxandaccounting.com
567,tentaccessoriesstore.com
568,tepcologin.com
569,texasvirtualurgentcare.com
570,themagicallyverify.com
571,thepaymentscounsel.com
572,thesecuredhands.com
573,thesimplelivingreset.com
574,thinqsecure.com
575,ticketmasterfansupport.com
576,timingssupport.com
577,togel55login.com
578,track-information-portal.com
579,tracklngupdatesmailusa.com
580,trackmailnoticenotification.com
581,transferaccept-secure.com
582,transparencyandaccountabilityformdcpc.com
583,trimiaccounting.com
584,trymagicallyverify.com
585,tryvisalerts.com
586,ultimateaquaaccessories.com
587,ultimateaquaaccessory.com
588,update-redirect.com
589,updatenewskills.com
590,updatesbyexpert.com
591,updateshier.com
592,updatesneakers.com
593,urgentcareinomaha.com
594,urgentcarenebraska.com
595,urgentcareomahaclinic.com
596,urgentcaresofomaha.com
597,urgentcleaningedmonton.com
598,urgentwatchsangeet.com
599,us-accountreceivables.com
600,usaccount-blizzard.com
601,usaurgentcares.com
602,usemagicallyverify.com
603,uspswarning.com
604,utilitybillspayments.com
605,vault-secure.com
606,vedconfyupdate.com
607,verify-bendigo-activities.com
608,verify-op-user.com
609,vipverifys.com
610,visalerts.com
611,visalertshq.com
612,visalertshub.com
613,visioneerpayments.com
614,wallet-secure-check.com
615,warning-binance.com
616,warninglettersregenoutcomes.com
617,water-management-support.com
618,wesecuresystems.com
619,westchesterpaymentsystems.com
620,wifiunlockerwifipassword.com
621,witchaccessory.com
622,withvisalerts.com
623,wolfaccountingsolutions.com
624,wormsecuredapp.com
625,yc-support.com
626,yepssupport.com
627,yestoaccountants.com
628,yodanotifications.com
629,exoduswalletaccess.digital
630,igsupport.email
631,counterstrike-updates.fun
632,floodvalidationkerry60.fun
633,finacialpolicyupdates.homes
634,sensitive-information.homes
635,auth-srvsecure.icu
636,login-br.icu
637,freejobalertup.info
638,payment-analytics.info
639,cibcreset.info
640,e-transferrsecuredeposit-verify.info
641,lcloud-applesupport.info
642,redfinets-login.info
643,sercure-account.info
644,supportgolden1cu.info
645,web-mtbalert.info
646,securecollab.land
647,relevant-information.lat
648,account-0808.life
649,exoduswalletaccess.life
650,homeaccessories.life
651,support-auspost.life
652,linklogin.link
653,support-chat.live
654,security-login.live
655,clbc-account.live
656,emailsupporter.live
657,exoduswalletaccess.live
658,mooney-support.live
659,nodesupports.live
660,osupdate.live
661,renew-account.live
662,securedevops.live
663,supportappelmeta.live
664,verifylink-maps.live
665,confidential-information.lol
666,account-0753.monster
667,accesspointinc.net
668,alertnet.net
669,accountinfo.net
670,goldenaccess.net
671,adrsupport.net
672,beauty-information.net
673,notificationmail.net
674,cpapaccessories.net
675,accessrealtors.net
676,korea-support.net
677,metodoreset.net
678,cashnetusalogin.net
679,chatsupports.net
680,fidoresetacc.net
681,kilat77login.net
682,lbpaccessportal.net
683,lockersecure.net
684,passwordinc.net
685,positivesupportgroup.net
686,promo-vzwsecure.net
687,puffcoaccessories.net
688,secure-ato-mygov.net
689,securepay-pros.net
690,support-bybit.net
691,support-diane.net
692,support-mayo.net
693,suspended-account.net
694,updatethreads.net
695,account-0753.one
696,osupdate.online
697,login-web.online
698,icegatelogin.online
699,itsupporter.online
700,legalinformation.online
701,boasupport.online
702,alertvalleyscu.online
703,bfcualerts.online
704,counterstrike-update.online
705,counterstrike-updates.online
706,dashlanelogin.online
707,e-securealisveris.online
708,ewaybilllogin.online
709,exoduswalletaccess.online
710,hr-accounts.online
711,jobalertf.online
712,licmerchantlogin.online
713,login-swisspass.online
714,login-v3-swisspass-oevlogin.online
715,login-v3-swisspass.online
716,loginv3-swisspass.online
717,mercadolibresupport.online
718,mybdoupdate.online
719,other-information.online
720,patriotfcualerts.online
721,proofisecure.online
722,sahajlogin.online
723,securebankonline.online
724,support-nzpost.online
725,supportassists.online
726,trumarkalerts.online
727,wauchulastatealerts.online
728,zinghrlogin.online
729,aaccess-ohio.org
730,iphonedatarecovery.org
731,supportmentalhealth.org
732,verifymds.org
733,accesstutors.org
734,accessnft.org
735,reboundrecovery.org
736,zellesupport.org
737,accessibleai-edu.org
738,alertstack.org
739,autoimmunerecoverycenter.org
740,gemeventsupport.org
741,gp-secure-invest-ltd.org
742,indigorecovery.org
743,instituteforautoimmunerecovery.org
744,metanoiaaccounting.org
745,musiciansrecoverynetwork.org
746,pda-support.org
747,purrecovery.org
748,redfinets-login.org
749,rivieramayarecovery.org
750,secure-esl.org
751,securednets.org
752,securewebb.org
753,supportanahit.org
754,supportindianabikers.org
755,supportveygo.org
756,connection-information.pics
757,identifiable-information.pics
758,more-information.pics
759,of-information.pics
760,secureinbox.pro
761,msupdate.pro
762,session-login.pro
763,supportreturns.pro
764,novelupdates.pub
765,information.rocks
766,account-cloud-yandex.ru
767,myaccount-mail-yandex.ru
768,account-mail-passport.ru
769,accounts-my-yandex.ru
770,myaccount-cloud-yandex.ru
771,cart-payments.ru
772,hr-accounts.ru
773,payment-order4682.ru
774,payment-order8819.ru
775,payment-order9946.ru
776,paymenting-mts.ru
777,secure-258.ru
778,secure-259.ru
779,supportapple.services
780,easyaccessories.shop
781,header-information.shop
782,luxelivinghomeaccessories.shop
783,network-information.shop
784,pertinent-information.shop
785,solarsecure.shop
786,trendyupdate.shop
787,verify-id-transaction-3ds-client.shop
788,verify-id-transaction-client3ds.shop
789,verify-id-transaction3ds-client.shop
790,verify-id-transaction3ds.shop
791,verify-thx-id-client-sell-3ds.shop
792,verify-thx-id-client-sell.shop
793,flashaccess.site
794,securesoftware.site
795,accessdying.site
796,accessgritty.site
797,accessiconic.site
798,accessweal.site
799,cedeaccess.site
800,counterstrike-update.site
801,darwinaccess.site
802,informationtrip.site
803,olavaccess.site
804,paymentcd.site
805,securewithgabi.site
806,timelyupdatetools.site
807,truelogin.site
808,umu-support.site
809,updatezr.site
810,urlpayment.site
811,verifyoniline.site
812,business-support.social
813,accounts.solutions
814,check-in-verify.space
815,counterstrike-update.space
816,counterstrike-updates.space
817,securespectrum.space
818,luxeaccessories.store
819,personal-information.store
820,phoneaccessoriesplus.store
821,badminton.support
822,unique.support
823,numbers.support
824,ig-team.support
825,igmail.support
826,pact.support
827,uspsinfo.support
828,authentic-web.support
829,myuspstool.support
830,7nbet.support
831,adhd-bed.support
832,aiinhealthcare.support
833,aiproject.support
834,allan.support
835,chatonline.support
836,cheatslot.support
837,clarityvision.support
838,demenjudi.support
839,igteam.support
840,lawsforpaws.support
841,lcloud-ubication.support
842,rapidreclaim.support
843,restrictions-on-page.support
844,superantivirusspyware.support
845,supportappeltokenid.support
846,techbox.support
847,vereinfacht.support
848,woundcare.support
849,xrai.support
850,businessinformation.systems
851,informationtechnology.systems
852,passwords.team
853,accesshost.tech
854,informationtechnologyjob.tech
855,account-0753.today
856,accounting-software-here.today
857,accountingsoftware-online-23.today
858,accountingsoftware-store-23.today
859,accountingsoftware-store.today
860,accountingsoftware23.today
861,support-auspost.today
862,updateyourdrivers.top
863,1xbet-login.top
864,absaccess.top
865,access-message.top
866,accesskljlkfasj231fhas.top
867,accessopioweq5614.top
868,account-0753.top
869,account-0808.top
870,accountvalidate.top
871,applesupport-icloud.top
872,at000secure01.top
873,changlianpayment.top
874,dgaccessory.top
875,loginpresidenslot888.top
876,loginps888.top
877,micosofteupdate.top
878,presidenslot888login.top
879,support-alert-find.top
880,accessoccupationalhealth.co.uk
881,appaccounts.co.uk
882,raidrecoverylondon.co.uk
883,secure-payment-solutions.co.uk
884,supportsdirect.uk
885,templeaccounting.co.uk
886,touchsecure.co.uk
887,hgaccounts.co.uk
888,paymenthub.uk
889,securehomes.uk
890,embracesupportfoundation.co.uk
891,regustersecurely.co.uk
892,controlaccess.uk
893,alexaccounts.co.uk
894,cfsaccountancy.co.uk
895,concreteaccounts.co.uk
896,crystalaccessories.co.uk
897,dandisupport.co.uk
898,fetilitysupport.co.uk
899,globetrotteraccess.co.uk
900,herbusinesssupporthub.co.uk
901,lactation-support-west-wales.co.uk
902,lednoraccounting.co.uk
903,lowbackpainrecovery.co.uk
904,lvsupport.co.uk
905,mccnotifications.co.uk
906,mccnotificationsuk.co.uk
907,mccnotificationsuka.co.uk
908,medicaltraumasupportnetwork.co.uk
909,nasrecoverylondon.co.uk
910,nosupportguys.co.uk
911,rchaccountants.co.uk
912,riserecovery.co.uk
913,secure-cv.co.uk
914,secureev.co.uk
915,sevenaccessories.co.uk
916,sports-update.co.uk
917,theone2callbreakdownandrecoveryservicesltd.co.uk
918,yastekaccountancy.co.uk
919,accesstherapy.uk
920,orchidsupportservices.uk
921,supportlinux.uk
922,novelupdates.vip
923,verify.wang
924,counterstrike-update.website
925,counterstrike-updates.website
926,exoduswalletaccess.website
927,exoduswalletaccess.world
928,cloudpayments.xyz
929,cloudpayment.xyz
930,accessorizing.xyz
931,account-0753.xyz
932,account-0808.xyz
933,exoduswalletaccess.xyz
934,rockmediapayment.xyz
935,todaysecure.xyz
936,web-mtbalert.xyz
